{"cameraMode":{"drawMode":0,"name":"Shaded","section":"Shading Mode"},"sceneLighting":true,"audioPlay":false,"sceneViewState":{"m_AlwaysRefresh":false,"showFog":true,"showSkybox":true,"showFlares":true,"showImageEffects":true,"showParticleSystems":true,"showVisualEffectGraphs":true,"m_FxEnabled":true},"in2DMode":false,"pivot":{"x":559.5472412109375,"y":1510.357666015625,"z":-157.68222045898438},"rotation":{"x":0.3524983823299408,"y":0.01824170909821987,"z":-0.006870980374515057,"w":0.9356133937835693},"size":1143.448486328125,"orthographic":false}